{
  "categories": [
    {
      "id": 1,
      "description": "Soft drinks coffees teas beers and ales",
      "name": "Beverages"
    },
    {
      "id": 2,
      "description": "Sweet and savory sauces relishes spreads and seasonings",
      "name": "Condiments"
    },
    {
      "id": 3,
      "description": "Desserts candies and sweet breads",
      "name": "Confections"
    },
    {
      "id": 4,
      "description": "Cheeses",
      "name": "Dairy Products"
    },
    {
      "id": 5,
      "description": "Breads crackers pasta and cereal",
      "name": "Grains/Cereals"
    },
    {
      "id": 6,
      "description": "Prepared meats",
      "name": "Meat/Poultry"
    },
    {
      "id": 7,
      "description": "Dried fruit and bean curd",
      "name": "Produce"
    },
    {
      "id": 8,
      "description": "Seaweed and fish",
      "name": "Seafood"
    }
  ],
  "products": [
    {
      "id": 1,
      "productName": "Chai",
      "unitPrice": 18,
      "unitsInStock": 39,
      "categoryId": 1,
      "supplier": "Exotic Liquids",
      "discontinued": false
    },
    {
      "id": 2,
      "productName": "Chang",
      "unitPrice": 19,
      "unitsInStock": 17,
      "categoryId": 1,
      "supplier": "Exotic Liquids",
      "discontinued": false
    },
    {
      "id": 3,
      "productName": "Aniseed Syrup",
      "unitPrice": 10,
      "unitsInStock": 13,
      "categoryId": 2,
      "supplier": "Exotic Liquids",
      "discontinued": false
    },
    {
      "id": 4,
      "productName": "Chef Anton's Cajun Seasoning",
      "unitPrice": 22,
      "unitsInStock": 53,
      "categoryId": 2,
      "supplier": "New Orleans Cajun Delights",
      "discontinued": false
    },
    {
      "id": 5,
      "productName": "Chef Anton's Gumbo Mix",
      "unitPrice": 22.35,
      "unitsInStock": 0,
      "categoryId": 2,
      "supplier": "New Orleans Cajun Delights",
      "discontinued": false
    },
    {
      "id": 6,
      "productName": "Grandma's Boysenberry Spread",
      "unitPrice": 25,
      "unitsInStock": 120,
      "categoryId": 2,
      "supplier": "Grandma Kelly's Homestead",
      "discontinued": false
    },
    {
      "id": 7,
      "productName": "Uncle Bob's Organic Dried Pears",
      "unitPrice": 30,
      "unitsInStock": 15,
      "categoryId": 7,
      "supplier": "Grandma Kelly's Homestead",
      "discontinued": false
    },
    {
      "id": 8,
      "productName": "Northwoods Cranberry Sauce",
      "unitPrice": 40,
      "unitsInStock": 6,
      "categoryId": 2,
      "supplier": "Grandma Kelly's Homestead",
      "discontinued": false
    },
    {
      "id": 9,
      "productName": "Mishi Kobe Niku",
      "unitPrice": 97,
      "unitsInStock": 29,
      "categoryId": 6,
      "supplier": "Tokyo Traders",
      "discontinued": false
    },
    {
      "id": 10,
      "productName": "Ikura",
      "unitPrice": 31,
      "unitsInStock": 31,
      "categoryId": 8,
      "supplier": "Tokyo Traders",
      "discontinued": false
    },
    {
      "id": 11,
      "productName": "Queso Cabrales",
      "unitPrice": 21,
      "unitsInStock": 22,
      "categoryId": 4,
      "supplier": "Cooperativa de Quesos 'Las Cabras'",
      "discontinued": false
    },
    {
      "id": 12,
      "productName": "Queso Manchego La Pastora",
      "unitPrice": 38,
      "unitsInStock": 86,
      "categoryId": 4,
      "supplier": "Cooperativa de Quesos 'Las Cabras'",
      "discontinued": false
    },
    {
      "id": 13,
      "productName": "Konbu",
      "unitPrice": 6,
      "unitsInStock": 24,
      "categoryId": 8,
      "supplier": "Mayumi's",
      "discontinued": false
    },
    {
      "id": 14,
      "productName": "Tofu",
      "unitPrice": 23.25,
      "unitsInStock": 35,
      "categoryId": 7,
      "supplier": "Mayumi's",
      "discontinued": false
    },
    {
      "id": 15,
      "productName": "Genen Shouyu",
      "unitPrice": 15.5,
      "unitsInStock": 39,
      "categoryId": 2,
      "supplier": "Mayumi's",
      "discontinued": false
    },
    {
      "id": 16,
      "productName": "Pavlova",
      "unitPrice": 17.45,
      "unitsInStock": 29,
      "categoryId": 3,
      "supplier": "Pavlova, Ltd.",
      "discontinued": false
    },
    {
      "id": 17,
      "productName": "Alice Mutton",
      "unitPrice": 39,
      "unitsInStock": 0,
      "categoryId": 6,
      "supplier": "Pavlova, Ltd.",
      "discontinued": false
    },
    {
      "id": 18,
      "productName": "Carnarvon Tigers",
      "unitPrice": 62.5,
      "unitsInStock": 42,
      "categoryId": 8,
      "supplier": "Pavlova, Ltd.",
      "discontinued": false
    },
    {
      "id": 19,
      "productName": "Teatime Chocolate Biscuits",
      "unitPrice": 9.2,
      "unitsInStock": 25,
      "categoryId": 3,
      "supplier": "Specialty Biscuits, Ltd.",
      "discontinued": false
    },
    {
      "id": 20,
      "productName": "Sir Rodney's Marmalade",
      "unitPrice": 81,
      "unitsInStock": 40,
      "categoryId": 3,
      "supplier": "Specialty Biscuits, Ltd.",
      "discontinued": false
    },
    {
      "id": 21,
      "productName": "Sir Rodney's Scones",
      "unitPrice": 10,
      "unitsInStock": 3,
      "categoryId": 3,
      "supplier": "Specialty Biscuits, Ltd.",
      "discontinued": false
    },
    {
      "id": 22,
      "productName": "Gustaf's Knäckebröd",
      "unitPrice": 21,
      "unitsInStock": 104,
      "categoryId": 5,
      "supplier": "PB Knäckebröd AB",
      "discontinued": false
    },
    {
      "id": 23,
      "productName": "Tunnbröd",
      "unitPrice": 9,
      "unitsInStock": 61,
      "categoryId": 5,
      "supplier": "PB Knäckebröd AB",
      "discontinued": false
    },
    {
      "id": 24,
      "productName": "Guaraná Fantástica",
      "unitPrice": 4.5,
      "unitsInStock": 20,
      "categoryId": 1,
      "supplier": "Refrescos Americanas LTDA",
      "discontinued": false
    },
    {
      "id": 25,
      "productName": "NuNuCa Nuß-Nougat-Creme",
      "unitPrice": 14,
      "unitsInStock": 76,
      "categoryId": 3,
      "supplier": "Heli Süßwaren GmbH & Co. KG",
      "discontinued": false
    },
    {
      "id": 26,
      "productName": "Gumbär Gummibärchen",
      "unitPrice": 31.23,
      "unitsInStock": 15,
      "categoryId": 3,
      "supplier": "Heli Süßwaren GmbH & Co. KG",
      "discontinued": false
    },
    {
      "id": 27,
      "productName": "Schoggi Schokolade",
      "unitPrice": 43.9,
      "unitsInStock": 49,
      "categoryId": 3,
      "supplier": "Heli Süßwaren GmbH & Co. KG",
      "discontinued": false
    },
    {
      "id": 28,
      "productName": "Rössle Sauerkraut",
      "unitPrice": 45.6,
      "unitsInStock": 26,
      "categoryId": 7,
      "supplier": "Plutzer Lebensmittelgroßmärkte AG",
      "discontinued": false
    },
    {
      "id": 29,
      "productName": "Thüringer Rostbratwurst",
      "unitPrice": 123.79,
      "unitsInStock": 0,
      "categoryId": 6,
      "supplier": "Plutzer Lebensmittelgroßmärkte AG",
      "discontinued": false
    },
    {
      "id": 30,
      "productName": "Nord-Ost Matjeshering",
      "unitPrice": 25.89,
      "unitsInStock": 10,
      "categoryId": 8,
      "supplier": "Nord-Ost-Fisch Handelsgesellschaft mbH",
      "discontinued": false
    },
    {
      "id": 31,
      "productName": "Gorgonzola Telino",
      "unitPrice": 12.5,
      "unitsInStock": 0,
      "categoryId": 4,
      "supplier": "Formaggi Fortini s.r.l.",
      "discontinued": false
    },
    {
      "id": 32,
      "productName": "Mascarpone Fabioli",
      "unitPrice": 32,
      "unitsInStock": 9,
      "categoryId": 4,
      "supplier": "Formaggi Fortini s.r.l.",
      "discontinued": false
    },
    {
      "id": 33,
      "productName": "Geitost",
      "unitPrice": 2.5,
      "unitsInStock": 112,
      "categoryId": 4,
      "supplier": "Norske Meierier",
      "discontinued": false
    },
    {
      "id": 34,
      "productName": "Sasquatch Ale",
      "unitPrice": 14,
      "unitsInStock": 111,
      "categoryId": 1,
      "supplier": "Bigfoot Breweries",
      "discontinued": false
    },
    {
      "id": 35,
      "productName": "Steeleye Stout",
      "unitPrice": 18,
      "unitsInStock": 20,
      "categoryId": 1,
      "supplier": "Bigfoot Breweries",
      "discontinued": false
    },
    {
      "id": 36,
      "productName": "Inlagd Sill",
      "unitPrice": 19,
      "unitsInStock": 112,
      "categoryId": 8,
      "supplier": "Svensk Sjöföda AB",
      "discontinued": false
    },
    {
      "id": 37,
      "productName": "Gravad lax",
      "unitPrice": 26,
      "unitsInStock": 11,
      "categoryId": 8,
      "supplier": "Svensk Sjöföda AB",
      "discontinued": false
    },
    {
      "id": 38,
      "productName": "Côte de Blaye",
      "unitPrice": 263.5,
      "unitsInStock": 17,
      "categoryId": 1,
      "supplier": "Aux joyeux ecclésiastiques",
      "discontinued": false
    },
    {
      "id": 39,
      "productName": "Chartreuse verte",
      "unitPrice": 18,
      "unitsInStock": 69,
      "categoryId": 1,
      "supplier": "Aux joyeux ecclésiastiques",
      "discontinued": false
    },
    {
      "id": 40,
      "productName": "Boston Crab Meat",
      "unitPrice": 18.4,
      "unitsInStock": 123,
      "categoryId": 8,
      "supplier": "New England Seafood Cannery",
      "discontinued": false
    },
    {
      "id": 41,
      "productName": "Jack's New England Clam Chowder",
      "unitPrice": 9.65,
      "unitsInStock": 85,
      "categoryId": 8,
      "supplier": "New England Seafood Cannery",
      "discontinued": false
    },
    {
      "id": 42,
      "productName": "Singaporean Hokkien Fried Mee",
      "unitPrice": 14,
      "unitsInStock": 26,
      "categoryId": 5,
      "supplier": "Leka Trading",
      "discontinued": false
    },
    {
      "id": 43,
      "productName": "Ipoh Coffee",
      "unitPrice": 46,
      "unitsInStock": 17,
      "categoryId": 1,
      "supplier": "Leka Trading",
      "discontinued": false
    },
    {
      "id": 44,
      "productName": "Gula Malacca",
      "unitPrice": 19.45,
      "unitsInStock": 27,
      "categoryId": 2,
      "supplier": "Leka Trading",
      "discontinued": false
    },
    {
      "id": 45,
      "productName": "Rogede sild",
      "unitPrice": 9.5,
      "unitsInStock": 5,
      "categoryId": 8,
      "supplier": "Lyngbysild",
      "discontinued": false
    },
    {
      "id": 46,
      "productName": "Spegesild",
      "unitPrice": 12,
      "unitsInStock": 95,
      "categoryId": 8,
      "supplier": "Lyngbysild",
      "discontinued": false
    },
    {
      "id": 47,
      "productName": "Zaanse koeken",
      "unitPrice": 9.5,
      "unitsInStock": 36,
      "categoryId": 3,
      "supplier": "Zaanse Snoepfabriek",
      "discontinued": false
    },
    {
      "id": 48,
      "productName": "Chocolade",
      "unitPrice": 12.75,
      "unitsInStock": 15,
      "categoryId": 3,
      "supplier": "Zaanse Snoepfabriek",
      "discontinued": false
    },
    {
      "id": 49,
      "productName": "Maxilaku",
      "unitPrice": 20,
      "unitsInStock": 10,
      "categoryId": 3,
      "supplier": "Karkki Oy",
      "discontinued": false
    },
    {
      "id": 50,
      "productName": "Valkoinen suklaa",
      "unitPrice": 16.25,
      "unitsInStock": 65,
      "categoryId": 3,
      "supplier": "Karkki Oy",
      "discontinued": false
    },
    {
      "id": 51,
      "productName": "Manjimup Dried Apples",
      "unitPrice": 53,
      "unitsInStock": 20,
      "categoryId": 7,
      "supplier": "G'day, Mate",
      "discontinued": false
    },
    {
      "id": 52,
      "productName": "Filo Mix",
      "unitPrice": 7,
      "unitsInStock": 38,
      "categoryId": 5,
      "supplier": "G'day, Mate",
      "discontinued": false
    },
    {
      "id": 53,
      "productName": "Perth Pasties",
      "unitPrice": 32.8,
      "unitsInStock": 0,
      "categoryId": 6,
      "supplier": "G'day, Mate",
      "discontinued": false
    },
    {
      "id": 54,
      "productName": "Tourtière",
      "unitPrice": 7.45,
      "unitsInStock": 21,
      "categoryId": 6,
      "supplier": "Ma Maison",
      "discontinued": false
    },
    {
      "id": 55,
      "productName": "Pâté chinois",
      "unitPrice": 24,
      "unitsInStock": 115,
      "categoryId": 6,
      "supplier": "Ma Maison",
      "discontinued": false
    },
    {
      "id": 56,
      "productName": "Gnocchi di nonna Alice",
      "unitPrice": 38,
      "unitsInStock": 21,
      "categoryId": 5,
      "supplier": "Pasta Buttini s.r.l.",
      "discontinued": false
    },
    {
      "id": 57,
      "productName": "Ravioli Angelo",
      "unitPrice": 19.5,
      "unitsInStock": 36,
      "categoryId": 5,
      "supplier": "Pasta Buttini s.r.l.",
      "discontinued": false
    },
    {
      "id": 58,
      "productName": "Escargots de Bourgogne",
      "unitPrice": 13.25,
      "unitsInStock": 62,
      "categoryId": 8,
      "supplier": "Escargots Nouveaux",
      "discontinued": false
    },
    {
      "id": 59,
      "productName": "Raclette Courdavault",
      "unitPrice": 55,
      "unitsInStock": 79,
      "categoryId": 4,
      "supplier": "Gai pâturage",
      "discontinued": false
    },
    {
      "id": 60,
      "productName": "Camembert Pierrot",
      "unitPrice": 34,
      "unitsInStock": 19,
      "categoryId": 4,
      "supplier": "Gai pâturage",
      "discontinued": false
    },
    {
      "id": 61,
      "productName": "Sirop d'érable",
      "unitPrice": 28.5,
      "unitsInStock": 113,
      "categoryId": 2,
      "supplier": "Forêts d'érables",
      "discontinued": false
    },
    {
      "id": 62,
      "productName": "Tarte au sucre",
      "unitPrice": 49.3,
      "unitsInStock": 17,
      "categoryId": 3,
      "supplier": "Forêts d'érables",
      "discontinued": false
    },
    {
      "id": 63,
      "productName": "Vegie-spread",
      "unitPrice": 43.9,
      "unitsInStock": 24,
      "categoryId": 2,
      "supplier": "Pavlova, Ltd.",
      "discontinued": false
    },
    {
      "id": 64,
      "productName": "Wimmers gute Semmelknödel",
      "unitPrice": 33.25,
      "unitsInStock": 22,
      "categoryId": 5,
      "supplier": "Plutzer Lebensmittelgroßmärkte AG",
      "discontinued": false
    },
    {
      "id": 65,
      "productName": "Louisiana Fiery Hot Pepper Sauce",
      "unitPrice": 21.05,
      "unitsInStock": 76,
      "categoryId": 2,
      "supplier": "New Orleans Cajun Delights",
      "discontinued": false
    },
    {
      "id": 66,
      "productName": "Louisiana Hot Spiced Okra",
      "unitPrice": 17,
      "unitsInStock": 4,
      "categoryId": 2,
      "supplier": "New Orleans Cajun Delights",
      "discontinued": false
    },
    {
      "id": 67,
      "productName": "Laughing Lumberjack Lager",
      "unitPrice": 14,
      "unitsInStock": 52,
      "categoryId": 1,
      "supplier": "Bigfoot Breweries",
      "discontinued": false
    },
    {
      "id": 68,
      "productName": "Scottish Longbreads",
      "unitPrice": 12.5,
      "unitsInStock": 6,
      "categoryId": 3,
      "supplier": "Specialty Biscuits, Ltd.",
      "discontinued": false
    },
    {
      "id": 69,
      "productName": "Gudbrandsdalsost",
      "unitPrice": 36,
      "unitsInStock": 26,
      "categoryId": 4,
      "supplier": "Norske Meierier",
      "discontinued": false
    },
    {
      "id": 70,
      "productName": "Outback Lager",
      "unitPrice": 15,
      "unitsInStock": 15,
      "categoryId": 1,
      "supplier": "Pavlova, Ltd.",
      "discontinued": false
    },
    {
      "id": 71,
      "productName": "Flotemysost",
      "unitPrice": 21.5,
      "unitsInStock": 26,
      "categoryId": 4,
      "supplier": "Norske Meierier",
      "discontinued": false
    },
    {
      "id": 72,
      "productName": "Mozzarella di Giovanni",
      "unitPrice": 34.8,
      "unitsInStock": 14,
      "categoryId": 4,
      "supplier": "Formaggi Fortini s.r.l.",
      "discontinued": false
    },
    {
      "id": 73,
      "productName": "Röd Kaviar",
      "unitPrice": 15,
      "unitsInStock": 101,
      "categoryId": 8,
      "supplier": "Svensk Sjöföda AB",
      "discontinued": false
    },
    {
      "id": 74,
      "productName": "Longlife Tofu",
      "unitPrice": 10,
      "unitsInStock": 4,
      "categoryId": 7,
      "supplier": "Tokyo Traders",
      "discontinued": false
    },
    {
      "id": 75,
      "productName": "Rhönbräu Klosterbier",
      "unitPrice": 7.75,
      "unitsInStock": 125,
      "categoryId": 1,
      "supplier": "Plutzer Lebensmittelgroßmärkte AG",
      "discontinued": false
    },
    {
      "id": 76,
      "productName": "Lakkalikööri",
      "unitPrice": 18,
      "unitsInStock": 57,
      "categoryId": 1,
      "supplier": "Karkki Oy",
      "discontinued": false
    },
    {
      "id": 77,
      "productName": "Original Frankfurter grüne Soße",
      "unitPrice": 13,
      "unitsInStock": 32,
      "categoryId": 2,
      "supplier": "Plutzer Lebensmittelgroßmärkte AG",
      "discontinued": false
    }
  ]
}